{
  "data":[
    {
      "id":1,
      "img":"1.jpg",
      "title":"中国李宁",
      "subtitle":"808经典回归 炫彩闪耀枫叶国度",
      "time":"16:57"
    },
    {
      "id":2,
      "img":"2.jpg",
      "title":"金币庄园",
      "subtitle":"点击查看你的金币账单",
      "time":"16:36"
    },
    {
      "id":3,
      "img":"3.jpg",
      "title":"消息通知",
      "subtitle":"红包过期提醒",
      "time":"12:31"
    },
    {
      "id":4,
      "img":"4.jpg",
      "title":"匹克体育",
      "subtitle":"天猫旗舰店618销售突破1亿",
      "time":"13:57"
    },
    {
      "id":5,
      "img":"5.jpg",
      "title":"优酷VIP会员",
      "subtitle":"点击领取优酷VIP年卡",
      "time":"13:37"
    },
    {
      "id":6,
      "img":"6.jpg",
      "title":"安踏",
      "subtitle":"敬李白【安踏年中匠作】",
      "time":"20/06/16"
    },
    {
      "id":7,
      "img":"7.jpg",
      "title":"飞科官方旗舰店",
      "subtitle":"暂无消息",
      "time":"19/06/21"
    },
    {
      "id":8,
      "img":"8.jpg",
      "title":"欧莱雅男士官方旗舰店",
      "subtitle":"经得起近距离考验，约会需要神助攻",
      "time":"19/06/22"
    },
    {
      "id":9,
      "img":"9.jpg",
      "title":"小白鞋馆",
      "subtitle":"大码凉拖鞋夏天家用男士夏季室内...",
      "time":"19/09/16"
    },
    {
      "id":10,
      "img":"10.jpg",
      "title":"三只松鼠旗舰店",
      "subtitle":"爆款第二件0元",
      "time":"19/11/12"
    },
    {
      "id":11,
      "img":"11.jpg",
      "title":"美的官方旗舰店",
      "subtitle":"购物福利享不停",
      "time":"19/02/30"
    },
    {
      "id":12,
      "img":"12.jpg",
      "title":"海尔官方旗舰店",
      "subtitle":"智慧空气方案一",
      "time":"16:57"
    },
    {
      "id":13,
      "img":"13.jpg",
      "title":"小米官方旗舰店",
      "subtitle":"小米618狂欢返场",
      "time":"20/06/17"
    },
    {
      "id":14,
      "img":"14.jpg",
      "title":"华为官方旗舰店",
      "subtitle":"新品开售|买赠好礼",
      "time":"20/06/22"
    },
    {
      "id":15,
      "img":"15.jpg",
      "title":"诺基亚手机官方旗舰店",
      "subtitle":"天猫618返场狂欢、分期免息",
      "time":"16:57"
    }

  ]
}
