{
  "id": "",
  "name": "",
  "font_family": "iconfont",
  "css_prefix_text": "icon-",
  "description": "",
  "glyphs": [
    {
      "icon_id": "3755562",
      "name": "电脑",
      "font_class": "icon-test",
      "unicode": "e61b",
      "unicode_decimal": 58907
    },
    {
      "icon_id": "7843634",
      "name": "美食",
      "font_class": "fenzu",
      "unicode": "e61c",
      "unicode_decimal": 58908
    },
    {
      "icon_id": "8987891",
      "name": "美食",
      "font_class": "meishi",
      "unicode": "e604",
      "unicode_decimal": 58884
    },
    {
      "icon_id": "9744033",
      "name": "电脑",
      "font_class": "diannao",
      "unicode": "e663",
      "unicode_decimal": 58979
    }
  ]
}
